{"cameraMode":{"drawMode":0,"name":"Shaded","section":"Shading Mode"},"sceneLighting":true,"audioPlay":false,"sceneViewState":{"m_AlwaysRefresh":false,"showFog":false,"showSkybox":true,"showFlares":false,"showImageEffects":true,"showParticleSystems":true,"showVisualEffectGraphs":true,"m_FxEnabled":true},"in2DMode":false,"pivot":{"x":-0.14870941638946534,"y":5.214535236358643,"z":-1.526141881942749},"rotation":{"x":0.04312293976545334,"y":-0.1744372546672821,"z":0.007646805606782436,"w":0.9836947917938232},"size":0.8660253882408142,"orthographic":false}