{"cameraMode":{"drawMode":0,"name":"Shaded","section":"Shading Mode"},"sceneLighting":false,"audioPlay":false,"sceneViewState":{"m_AlwaysRefresh":false,"showFog":false,"showSkybox":false,"showFlares":false,"showImageEffects":true,"showParticleSystems":true,"showVisualEffectGraphs":true,"m_FxEnabled":true},"in2DMode":false,"pivot":{"x":-7.438227653503418,"y":6.210000038146973,"z":2.2722878456115724},"rotation":{"x":0.031230205669999124,"y":-0.5630050897598267,"z":0.021297072991728784,"w":0.8255895376205444},"size":1.0392305850982667,"orthographic":false}