{"cameraMode":{"drawMode":0,"name":"Shaded","section":"Shading Mode"},"sceneLighting":false,"audioPlay":false,"sceneViewState":{"m_AlwaysRefresh":false,"showFog":false,"showSkybox":false,"showFlares":false,"showImageEffects":true,"showParticleSystems":true,"showVisualEffectGraphs":true,"m_FxEnabled":true},"in2DMode":false,"pivot":{"x":-7.438227653503418,"y":6.210000038146973,"z":2.2722878456115724},"rotation":{"x":0.04312293976545334,"y":-0.1744372546672821,"z":0.007646805606782436,"w":0.9836947917938232},"size":0.34640997648239138,"orthographic":false}